predicted_label,confidence_score,nda_file_name,target_statement
Yes,78,"https://raw.githubusercontent.com/fateme-hshm96/StudyFiles/main/Contracnt-NLI/Exp1/hit_files/1.pdf",Receiving Party shall not use any Confidential Information for any purpose other than the purposes stated in Agreement.
Yes,53,"https://raw.githubusercontent.com/fateme-hshm96/StudyFiles/main/Contracnt-NLI/Exp1/hit_files/2.pdf",Confidential Information may include verbally conveyed information.
Cannot say,96,"https://raw.githubusercontent.com/fateme-hshm96/StudyFiles/main/Contracnt-NLI/Exp1/hit_files/3.pdf",Receiving Party shall destroy or return some Confidential Information upon the termination of Agreement.
Yes,76,"https://raw.githubusercontent.com/fateme-hshm96/StudyFiles/main/Contracnt-NLI/Exp1/hit_files/4.pdf",Receiving Party may acquire information similar to Confidential Information from a third party.
No,61,"https://raw.githubusercontent.com/fateme-hshm96/StudyFiles/main/Contracnt-NLI/Exp1/hit_files/5.pdf",Receiving Party may retain some Confidential Information even after the return or destruction of Confidential Information.
Cannot say,97,"https://raw.githubusercontent.com/fateme-hshm96/StudyFiles/main/Contracnt-NLI/Exp1/hit_files/6.pdf",Receiving Party shall not solicit some of Disclosing Party's representatives.
Yes,80,"https://raw.githubusercontent.com/fateme-hshm96/StudyFiles/main/Contracnt-NLI/Exp1/hit_files/7.pdf","Receiving Party shall notify Disclosing Party in case Receiving Party is required by law, regulation or judicial process to disclose any Confidential Information."
No,78,"https://raw.githubusercontent.com/fateme-hshm96/StudyFiles/main/Contracnt-NLI/Exp1/hit_files/8.pdf","Receiving Party may share some Confidential Information with some third-parties (including consultants, agents and professional advisors)."
Cannot say,95,"https://raw.githubusercontent.com/fateme-hshm96/StudyFiles/main/Contracnt-NLI/Exp1/hit_files/9.pdf",Receiving Party may independently develop information similar to Confidential Information.
Yes,81,"https://raw.githubusercontent.com/fateme-hshm96/StudyFiles/main/Contracnt-NLI/Exp1/hit_files/10.pdf",Receiving Party shall not use any Confidential Information for any purpose other than the purposes stated in Agreement.
Cannot say,96,"https://raw.githubusercontent.com/fateme-hshm96/StudyFiles/main/Contracnt-NLI/Exp1/hit_files/11.pdf",All Confidential Information shall be expressly identified by the Disclosing Party.
Yes,70,"https://raw.githubusercontent.com/fateme-hshm96/StudyFiles/main/Contracnt-NLI/Exp1/hit_files/12.pdf",Receiving Party shall destroy or return some Confidential Information upon the termination of Agreement.
Yes,61,"https://raw.githubusercontent.com/fateme-hshm96/StudyFiles/main/Contracnt-NLI/Exp1/hit_files/13.pdf",Receiving Party may share some Confidential Information with some of Receiving Party's employees.
No,78,"https://raw.githubusercontent.com/fateme-hshm96/StudyFiles/main/Contracnt-NLI/Exp1/hit_files/8.pdf","Receiving Party may share some Confidential Information with some third-parties (including consultants, agents and professional advisors)."
No,86,"https://raw.githubusercontent.com/fateme-hshm96/StudyFiles/main/Contracnt-NLI/Exp1/hit_files/14.pdf",Confidential Information shall only include technical information.
Yes,79,"https://raw.githubusercontent.com/fateme-hshm96/StudyFiles/main/Contracnt-NLI/Exp1/hit_files/15.pdf","Receiving Party shall notify Disclosing Party in case Receiving Party is required by law, regulation or judicial process to disclose any Confidential Information."
No,59,"https://raw.githubusercontent.com/fateme-hshm96/StudyFiles/main/Contracnt-NLI/Exp1/hit_files/16.pdf",Receiving Party may create a copy of some Confidential Information in some circumstances.
No,73,"https://raw.githubusercontent.com/fateme-hshm96/StudyFiles/main/Contracnt-NLI/Exp1/hit_files/17.pdf",Receiving Party may retain some Confidential Information even after the return or destruction of Confidential Information.
Yes,55,"https://raw.githubusercontent.com/fateme-hshm96/StudyFiles/main/Contracnt-NLI/Exp1/hit_files/18.pdf",Receiving Party may create a copy of some Confidential Information in some circumstances.
No,57,"https://raw.githubusercontent.com/fateme-hshm96/StudyFiles/main/Contracnt-NLI/Exp1/hit_files/19.pdf",Confidential Information shall only include technical information.
Cannot say,91,"https://raw.githubusercontent.com/fateme-hshm96/StudyFiles/main/Contracnt-NLI/Exp1/hit_files/20.pdf",Agreement shall not grant Receiving Party any right to Confidential Information.
Yes,68,"https://raw.githubusercontent.com/fateme-hshm96/StudyFiles/main/Contracnt-NLI/Exp1/hit_files/21.pdf",Some obligations of Agreement may survive termination of Agreement.
No,59,"https://raw.githubusercontent.com/fateme-hshm96/StudyFiles/main/Contracnt-NLI/Exp1/hit_files/16.pdf",Receiving Party may create a copy of some Confidential Information in some circumstances.
Cannot say,97,"https://raw.githubusercontent.com/fateme-hshm96/StudyFiles/main/Contracnt-NLI/Exp1/hit_files/22.pdf",Receiving Party shall destroy or return some Confidential Information upon the termination of Agreement.
Yes,83,"https://raw.githubusercontent.com/fateme-hshm96/StudyFiles/main/Contracnt-NLI/Exp1/hit_files/5.pdf",Receiving Party shall not use any Confidential Information for any purpose other than the purposes stated in Agreement.
No,62,"https://raw.githubusercontent.com/fateme-hshm96/StudyFiles/main/Contracnt-NLI/Exp1/hit_files/23.pdf",Receiving Party may create a copy of some Confidential Information in some circumstances.
Cannot say,95,"https://raw.githubusercontent.com/fateme-hshm96/StudyFiles/main/Contracnt-NLI/Exp1/hit_files/3.pdf",Receiving Party may independently develop information similar to Confidential Information.
Yes,48,"https://raw.githubusercontent.com/fateme-hshm96/StudyFiles/main/Contracnt-NLI/Exp1/hit_files/24.pdf",Receiving Party may create a copy of some Confidential Information in some circumstances.
No,70,"https://raw.githubusercontent.com/fateme-hshm96/StudyFiles/main/Contracnt-NLI/Exp1/hit_files/25.pdf",Receiving Party may retain some Confidential Information even after the return or destruction of Confidential Information.
No,89,"https://raw.githubusercontent.com/fateme-hshm96/StudyFiles/main/Contracnt-NLI/Exp1/hit_files/26.pdf",Confidential Information shall only include technical information.
Yes,55,"https://raw.githubusercontent.com/fateme-hshm96/StudyFiles/main/Contracnt-NLI/Exp1/hit_files/17.pdf",Confidential Information may include verbally conveyed information.
No,65,"https://raw.githubusercontent.com/fateme-hshm96/StudyFiles/main/Contracnt-NLI/Exp1/hit_files/27.pdf",Confidential Information shall only include technical information.
Cannot say,95,"https://raw.githubusercontent.com/fateme-hshm96/StudyFiles/main/Contracnt-NLI/Exp1/hit_files/28.pdf",Receiving Party shall not disclose the fact that Agreement was agreed or negotiated.
Yes,76,"https://raw.githubusercontent.com/fateme-hshm96/StudyFiles/main/Contracnt-NLI/Exp1/hit_files/4.pdf",Receiving Party may acquire information similar to Confidential Information from a third party.
Cannot say,88,"https://raw.githubusercontent.com/fateme-hshm96/StudyFiles/main/Contracnt-NLI/Exp1/hit_files/29.pdf",Confidential Information shall only include technical information.
No,55,"https://raw.githubusercontent.com/fateme-hshm96/StudyFiles/main/Contracnt-NLI/Exp1/hit_files/30.pdf","Receiving Party may share some Confidential Information with some third-parties (including consultants, agents and professional advisors)."
Yes,82,"https://raw.githubusercontent.com/fateme-hshm96/StudyFiles/main/Contracnt-NLI/Exp1/hit_files/31.pdf",Receiving Party shall not use any Confidential Information for any purpose other than the purposes stated in Agreement.
No,59,"https://raw.githubusercontent.com/fateme-hshm96/StudyFiles/main/Contracnt-NLI/Exp1/hit_files/32.pdf",Receiving Party may retain some Confidential Information even after the return or destruction of Confidential Information.
Cannot say,96,"https://raw.githubusercontent.com/fateme-hshm96/StudyFiles/main/Contracnt-NLI/Exp1/hit_files/33.pdf",Receiving Party shall destroy or return some Confidential Information upon the termination of Agreement.
Yes,55,"https://raw.githubusercontent.com/fateme-hshm96/StudyFiles/main/Contracnt-NLI/Exp1/hit_files/34.pdf",Receiving Party may create a copy of some Confidential Information in some circumstances.
No,60,"https://raw.githubusercontent.com/fateme-hshm96/StudyFiles/main/Contracnt-NLI/Exp1/hit_files/35.pdf",All Confidential Information shall be expressly identified by the Disclosing Party.
Cannot say,93,"https://raw.githubusercontent.com/fateme-hshm96/StudyFiles/main/Contracnt-NLI/Exp1/hit_files/36.pdf",Receiving Party may share some Confidential Information with some of Receiving Party's employees.
Yes,58,"https://raw.githubusercontent.com/fateme-hshm96/StudyFiles/main/Contracnt-NLI/Exp1/hit_files/37.pdf",Confidential Information may include verbally conveyed information.
No,59,"https://raw.githubusercontent.com/fateme-hshm96/StudyFiles/main/Contracnt-NLI/Exp1/hit_files/38.pdf",Confidential Information shall only include technical information.
Cannot say,92,"https://raw.githubusercontent.com/fateme-hshm96/StudyFiles/main/Contracnt-NLI/Exp1/hit_files/39.pdf",Confidential Information shall only include technical information.
Yes,85,"https://raw.githubusercontent.com/fateme-hshm96/StudyFiles/main/Contracnt-NLI/Exp1/hit_files/40.pdf",Agreement shall not grant Receiving Party any right to Confidential Information.
No,60,"https://raw.githubusercontent.com/fateme-hshm96/StudyFiles/main/Contracnt-NLI/Exp1/hit_files/41.pdf",Confidential Information shall only include technical information.
Cannot say,97,"https://raw.githubusercontent.com/fateme-hshm96/StudyFiles/main/Contracnt-NLI/Exp1/hit_files/42.pdf",Receiving Party shall not solicit some of Disclosing Party's representatives.
Yes,56,"https://raw.githubusercontent.com/fateme-hshm96/StudyFiles/main/Contracnt-NLI/Exp1/hit_files/43.pdf",Receiving Party may share some Confidential Information with some of Receiving Party's employees.
No,61,"https://raw.githubusercontent.com/fateme-hshm96/StudyFiles/main/Contracnt-NLI/Exp1/hit_files/11.pdf",Receiving Party may retain some Confidential Information even after the return or destruction of Confidential Information.
Yes,76,"https://raw.githubusercontent.com/fateme-hshm96/StudyFiles/main/Contracnt-NLI/Exp1/hit_files/7.pdf",Receiving Party shall not use any Confidential Information for any purpose other than the purposes stated in Agreement.
Yes,87,"https://raw.githubusercontent.com/fateme-hshm96/StudyFiles/main/Contracnt-NLI/Exp1/hit_files/22.pdf","Receiving Party shall notify Disclosing Party in case Receiving Party is required by law, regulation or judicial process to disclose any Confidential Information."
No,57,"https://raw.githubusercontent.com/fateme-hshm96/StudyFiles/main/Contracnt-NLI/Exp1/hit_files/13.pdf",Receiving Party may create a copy of some Confidential Information in some circumstances.
Cannot say,95,"https://raw.githubusercontent.com/fateme-hshm96/StudyFiles/main/Contracnt-NLI/Exp1/hit_files/44.pdf",Receiving Party may acquire information similar to Confidential Information from a third party.
Yes,76,"https://raw.githubusercontent.com/fateme-hshm96/StudyFiles/main/Contracnt-NLI/Exp1/hit_files/45.pdf",Receiving Party shall not disclose the fact that Agreement was agreed or negotiated.
No,60,"https://raw.githubusercontent.com/fateme-hshm96/StudyFiles/main/Contracnt-NLI/Exp1/hit_files/35.pdf",All Confidential Information shall be expressly identified by the Disclosing Party.
Cannot say,95,"https://raw.githubusercontent.com/fateme-hshm96/StudyFiles/main/Contracnt-NLI/Exp1/hit_files/46.pdf",Receiving Party may independently develop information similar to Confidential Information.
Yes,75,"https://raw.githubusercontent.com/fateme-hshm96/StudyFiles/main/Contracnt-NLI/Exp1/hit_files/47.pdf",Receiving Party may acquire information similar to Confidential Information from a third party.
No,56,"https://raw.githubusercontent.com/fateme-hshm96/StudyFiles/main/Contracnt-NLI/Exp1/hit_files/25.pdf",Confidential Information shall only include technical information.
Yes,61,"https://raw.githubusercontent.com/fateme-hshm96/StudyFiles/main/Contracnt-NLI/Exp1/hit_files/48.pdf",Receiving Party shall destroy or return some Confidential Information upon the termination of Agreement.
Yes,77,"https://raw.githubusercontent.com/fateme-hshm96/StudyFiles/main/Contracnt-NLI/Exp1/hit_files/1.pdf",Receiving Party may acquire information similar to Confidential Information from a third party.
No,70,"https://raw.githubusercontent.com/fateme-hshm96/StudyFiles/main/Contracnt-NLI/Exp1/hit_files/49.pdf","Receiving Party may share some Confidential Information with some third-parties (including consultants, agents and professional advisors)."
Cannot say,98,"https://raw.githubusercontent.com/fateme-hshm96/StudyFiles/main/Contracnt-NLI/Exp1/hit_files/50.pdf","Receiving Party shall notify Disclosing Party in case Receiving Party is required by law, regulation or judicial process to disclose any Confidential Information."
Yes,69,"https://raw.githubusercontent.com/fateme-hshm96/StudyFiles/main/Contracnt-NLI/Exp1/hit_files/29.pdf","Receiving Party shall notify Disclosing Party in case Receiving Party is required by law, regulation or judicial process to disclose any Confidential Information."
No,52,"https://raw.githubusercontent.com/fateme-hshm96/StudyFiles/main/Contracnt-NLI/Exp1/hit_files/51.pdf",Receiving Party may retain some Confidential Information even after the return or destruction of Confidential Information.
Cannot say,93,"https://raw.githubusercontent.com/fateme-hshm96/StudyFiles/main/Contracnt-NLI/Exp1/hit_files/51.pdf",Receiving Party may create a copy of some Confidential Information in some circumstances.
Yes,78,"https://raw.githubusercontent.com/fateme-hshm96/StudyFiles/main/Contracnt-NLI/Exp1/hit_files/52.pdf",Receiving Party may acquire information similar to Confidential Information from a third party.
No,72,"https://raw.githubusercontent.com/fateme-hshm96/StudyFiles/main/Contracnt-NLI/Exp1/hit_files/53.pdf",Confidential Information shall only include technical information.
Cannot say,97,"https://raw.githubusercontent.com/fateme-hshm96/StudyFiles/main/Contracnt-NLI/Exp1/hit_files/54.pdf",Receiving Party shall destroy or return some Confidential Information upon the termination of Agreement.
Yes,83,"https://raw.githubusercontent.com/fateme-hshm96/StudyFiles/main/Contracnt-NLI/Exp1/hit_files/15.pdf",Receiving Party shall not use any Confidential Information for any purpose other than the purposes stated in Agreement.
No,57,"https://raw.githubusercontent.com/fateme-hshm96/StudyFiles/main/Contracnt-NLI/Exp1/hit_files/19.pdf",Confidential Information shall only include technical information.
Cannot say,95,"https://raw.githubusercontent.com/fateme-hshm96/StudyFiles/main/Contracnt-NLI/Exp1/hit_files/55.pdf",Receiving Party may independently develop information similar to Confidential Information.
Yes,51,"https://raw.githubusercontent.com/fateme-hshm96/StudyFiles/main/Contracnt-NLI/Exp1/hit_files/56.pdf",Receiving Party may acquire information similar to Confidential Information from a third party.
No,64,"https://raw.githubusercontent.com/fateme-hshm96/StudyFiles/main/Contracnt-NLI/Exp1/hit_files/57.pdf",Confidential Information shall only include technical information.
Cannot say,90,"https://raw.githubusercontent.com/fateme-hshm96/StudyFiles/main/Contracnt-NLI/Exp1/hit_files/58.pdf",Confidential Information shall only include technical information.
Yes,70,"https://raw.githubusercontent.com/fateme-hshm96/StudyFiles/main/Contracnt-NLI/Exp1/hit_files/37.pdf",Receiving Party may share some Confidential Information with some of Receiving Party's employees.
Yes,49,"https://raw.githubusercontent.com/fateme-hshm96/StudyFiles/main/Contracnt-NLI/Exp1/hit_files/50.pdf",All Confidential Information shall be expressly identified by the Disclosing Party.
Cannot say,96,"https://raw.githubusercontent.com/fateme-hshm96/StudyFiles/main/Contracnt-NLI/Exp1/hit_files/59.pdf",All Confidential Information shall be expressly identified by the Disclosing Party.
Yes,64,"https://raw.githubusercontent.com/fateme-hshm96/StudyFiles/main/Contracnt-NLI/Exp1/hit_files/60.pdf",Receiving Party may share some Confidential Information with some of Receiving Party's employees.
No,90,"https://raw.githubusercontent.com/fateme-hshm96/StudyFiles/main/Contracnt-NLI/Exp1/hit_files/55.pdf",Confidential Information shall only include technical information.
Cannot say,91,"https://raw.githubusercontent.com/fateme-hshm96/StudyFiles/main/Contracnt-NLI/Exp1/hit_files/34.pdf",Agreement shall not grant Receiving Party any right to Confidential Information.
Yes,81,"https://raw.githubusercontent.com/fateme-hshm96/StudyFiles/main/Contracnt-NLI/Exp1/hit_files/61.pdf",Receiving Party may acquire information similar to Confidential Information from a third party.
Yes,69,"https://raw.githubusercontent.com/fateme-hshm96/StudyFiles/main/Contracnt-NLI/Exp1/hit_files/62.pdf","Receiving Party may share some Confidential Information with some third-parties (including consultants, agents and professional advisors)."
Cannot say,95,"https://raw.githubusercontent.com/fateme-hshm96/StudyFiles/main/Contracnt-NLI/Exp1/hit_files/31.pdf",Receiving Party shall not reverse engineer any objects which embody Disclosing Party's Confidential Information.
Yes,75,"https://raw.githubusercontent.com/fateme-hshm96/StudyFiles/main/Contracnt-NLI/Exp1/hit_files/63.pdf",Receiving Party shall not use any Confidential Information for any purpose other than the purposes stated in Agreement.
No,79,"https://raw.githubusercontent.com/fateme-hshm96/StudyFiles/main/Contracnt-NLI/Exp1/hit_files/54.pdf",All Confidential Information shall be expressly identified by the Disclosing Party.
Cannot say,96,"https://raw.githubusercontent.com/fateme-hshm96/StudyFiles/main/Contracnt-NLI/Exp1/hit_files/28.pdf",All Confidential Information shall be expressly identified by the Disclosing Party.
Yes,72,"https://raw.githubusercontent.com/fateme-hshm96/StudyFiles/main/Contracnt-NLI/Exp1/hit_files/42.pdf",Some obligations of Agreement may survive termination of Agreement.
No,64,"https://raw.githubusercontent.com/fateme-hshm96/StudyFiles/main/Contracnt-NLI/Exp1/hit_files/64.pdf",Receiving Party may retain some Confidential Information even after the return or destruction of Confidential Information.
No,69,"https://raw.githubusercontent.com/fateme-hshm96/StudyFiles/main/Contracnt-NLI/Exp1/hit_files/63.pdf",Receiving Party may retain some Confidential Information even after the return or destruction of Confidential Information.
Yes,49,"https://raw.githubusercontent.com/fateme-hshm96/StudyFiles/main/Contracnt-NLI/Exp1/hit_files/65.pdf",All Confidential Information shall be expressly identified by the Disclosing Party.
No,72,"https://raw.githubusercontent.com/fateme-hshm96/StudyFiles/main/Contracnt-NLI/Exp1/hit_files/36.pdf",Receiving Party may create a copy of some Confidential Information in some circumstances.
Cannot say,94,"https://raw.githubusercontent.com/fateme-hshm96/StudyFiles/main/Contracnt-NLI/Exp1/hit_files/66.pdf",Receiving Party may acquire information similar to Confidential Information from a third party.
Yes,74,"https://raw.githubusercontent.com/fateme-hshm96/StudyFiles/main/Contracnt-NLI/Exp1/hit_files/67.pdf",Receiving Party shall not disclose the fact that Agreement was agreed or negotiated.
Yes,71,"https://raw.githubusercontent.com/fateme-hshm96/StudyFiles/main/Contracnt-NLI/Exp1/hit_files/68.pdf","Receiving Party may share some Confidential Information with some third-parties (including consultants, agents and professional advisors)."
Cannot say,98,"https://raw.githubusercontent.com/fateme-hshm96/StudyFiles/main/Contracnt-NLI/Exp1/hit_files/69.pdf",Receiving Party shall not solicit some of Disclosing Party's representatives.
Yes,85,"https://raw.githubusercontent.com/fateme-hshm96/StudyFiles/main/Contracnt-NLI/Exp1/hit_files/59.pdf",Agreement shall not grant Receiving Party any right to Confidential Information.
No,63,"https://raw.githubusercontent.com/fateme-hshm96/StudyFiles/main/Contracnt-NLI/Exp1/hit_files/65.pdf",Confidential Information shall only include technical information.
Cannot say,95,"https://raw.githubusercontent.com/fateme-hshm96/StudyFiles/main/Contracnt-NLI/Exp1/hit_files/53.pdf",Receiving Party may create a copy of some Confidential Information in some circumstances.
Yes,85,"https://raw.githubusercontent.com/fateme-hshm96/StudyFiles/main/Contracnt-NLI/Exp1/hit_files/70.pdf",Agreement shall not grant Receiving Party any right to Confidential Information.
No,75,"https://raw.githubusercontent.com/fateme-hshm96/StudyFiles/main/Contracnt-NLI/Exp1/hit_files/56.pdf","Receiving Party may share some Confidential Information with some third-parties (including consultants, agents and professional advisors)."
Cannot say,94,"https://raw.githubusercontent.com/fateme-hshm96/StudyFiles/main/Contracnt-NLI/Exp1/hit_files/2.pdf",Receiving Party shall not solicit some of Disclosing Party's representatives.
Yes,52,"https://raw.githubusercontent.com/fateme-hshm96/StudyFiles/main/Contracnt-NLI/Exp1/hit_files/71.pdf",Receiving Party may share some Confidential Information with some of Receiving Party's employees.
No,67,"https://raw.githubusercontent.com/fateme-hshm96/StudyFiles/main/Contracnt-NLI/Exp1/hit_files/72.pdf",Confidential Information shall only include technical information.
Yes,57,"https://raw.githubusercontent.com/fateme-hshm96/StudyFiles/main/Contracnt-NLI/Exp1/hit_files/73.pdf",Receiving Party shall destroy or return some Confidential Information upon the termination of Agreement.
Yes,86,"https://raw.githubusercontent.com/fateme-hshm96/StudyFiles/main/Contracnt-NLI/Exp1/hit_files/74.pdf",Receiving Party shall not use any Confidential Information for any purpose other than the purposes stated in Agreement.
No,70,"https://raw.githubusercontent.com/fateme-hshm96/StudyFiles/main/Contracnt-NLI/Exp1/hit_files/75.pdf",Receiving Party may create a copy of some Confidential Information in some circumstances.
Cannot say,97,"https://raw.githubusercontent.com/fateme-hshm96/StudyFiles/main/Contracnt-NLI/Exp1/hit_files/76.pdf",Receiving Party shall not solicit some of Disclosing Party's representatives.
Yes,48,"https://raw.githubusercontent.com/fateme-hshm96/StudyFiles/main/Contracnt-NLI/Exp1/hit_files/77.pdf",Some obligations of Agreement may survive termination of Agreement.
No,60,"https://raw.githubusercontent.com/fateme-hshm96/StudyFiles/main/Contracnt-NLI/Exp1/hit_files/18.pdf",Confidential Information shall only include technical information.
Cannot say,94,"https://raw.githubusercontent.com/fateme-hshm96/StudyFiles/main/Contracnt-NLI/Exp1/hit_files/78.pdf",Confidential Information may include verbally conveyed information.
Yes,59,"https://raw.githubusercontent.com/fateme-hshm96/StudyFiles/main/Contracnt-NLI/Exp1/hit_files/62.pdf",Some obligations of Agreement may survive termination of Agreement.
No,84,"https://raw.githubusercontent.com/fateme-hshm96/StudyFiles/main/Contracnt-NLI/Exp1/hit_files/30.pdf",Confidential Information shall only include technical information.
Cannot say,95,"https://raw.githubusercontent.com/fateme-hshm96/StudyFiles/main/Contracnt-NLI/Exp1/hit_files/68.pdf",Receiving Party shall not disclose the fact that Agreement was agreed or negotiated.
Yes,81,"https://raw.githubusercontent.com/fateme-hshm96/StudyFiles/main/Contracnt-NLI/Exp1/hit_files/61.pdf",Receiving Party may acquire information similar to Confidential Information from a third party.
No,65,"https://raw.githubusercontent.com/fateme-hshm96/StudyFiles/main/Contracnt-NLI/Exp1/hit_files/10.pdf",Confidential Information shall only include technical information.
Cannot say,89,"https://raw.githubusercontent.com/fateme-hshm96/StudyFiles/main/Contracnt-NLI/Exp1/hit_files/79.pdf",Agreement shall not grant Receiving Party any right to Confidential Information.
Yes,86,"https://raw.githubusercontent.com/fateme-hshm96/StudyFiles/main/Contracnt-NLI/Exp1/hit_files/73.pdf",Agreement shall not grant Receiving Party any right to Confidential Information.
No,77,"https://raw.githubusercontent.com/fateme-hshm96/StudyFiles/main/Contracnt-NLI/Exp1/hit_files/80.pdf","Receiving Party may share some Confidential Information with some third-parties (including consultants, agents and professional advisors)."
Cannot say,96,"https://raw.githubusercontent.com/fateme-hshm96/StudyFiles/main/Contracnt-NLI/Exp1/hit_files/49.pdf",All Confidential Information shall be expressly identified by the Disclosing Party.
Yes,64,"https://raw.githubusercontent.com/fateme-hshm96/StudyFiles/main/Contracnt-NLI/Exp1/hit_files/81.pdf","Receiving Party may share some Confidential Information with some third-parties (including consultants, agents and professional advisors)."
No,61,"https://raw.githubusercontent.com/fateme-hshm96/StudyFiles/main/Contracnt-NLI/Exp1/hit_files/67.pdf",Confidential Information shall only include technical information.
Cannot say,96,"https://raw.githubusercontent.com/fateme-hshm96/StudyFiles/main/Contracnt-NLI/Exp1/hit_files/82.pdf",Receiving Party may acquire information similar to Confidential Information from a third party.
Yes,64,"https://raw.githubusercontent.com/fateme-hshm96/StudyFiles/main/Contracnt-NLI/Exp1/hit_files/83.pdf",Confidential Information may include verbally conveyed information.
Yes,50,"https://raw.githubusercontent.com/fateme-hshm96/StudyFiles/main/Contracnt-NLI/Exp1/hit_files/44.pdf",All Confidential Information shall be expressly identified by the Disclosing Party.
Cannot say,94,"https://raw.githubusercontent.com/fateme-hshm96/StudyFiles/main/Contracnt-NLI/Exp1/hit_files/84.pdf",Receiving Party shall not reverse engineer any objects which embody Disclosing Party's Confidential Information.
Yes,85,"https://raw.githubusercontent.com/fateme-hshm96/StudyFiles/main/Contracnt-NLI/Exp1/hit_files/46.pdf",Agreement shall not grant Receiving Party any right to Confidential Information.
No,70,"https://raw.githubusercontent.com/fateme-hshm96/StudyFiles/main/Contracnt-NLI/Exp1/hit_files/84.pdf",Confidential Information shall only include technical information.
Cannot say,97,"https://raw.githubusercontent.com/fateme-hshm96/StudyFiles/main/Contracnt-NLI/Exp1/hit_files/85.pdf","Receiving Party shall notify Disclosing Party in case Receiving Party is required by law, regulation or judicial process to disclose any Confidential Information."
Yes,58,"https://raw.githubusercontent.com/fateme-hshm96/StudyFiles/main/Contracnt-NLI/Exp1/hit_files/79.pdf",Receiving Party may share some Confidential Information with some of Receiving Party's employees.
No,75,"https://raw.githubusercontent.com/fateme-hshm96/StudyFiles/main/Contracnt-NLI/Exp1/hit_files/86.pdf","Receiving Party may share some Confidential Information with some third-parties (including consultants, agents and professional advisors)."
Cannot say,96,"https://raw.githubusercontent.com/fateme-hshm96/StudyFiles/main/Contracnt-NLI/Exp1/hit_files/41.pdf",Receiving Party shall not reverse engineer any objects which embody Disclosing Party's Confidential Information.
Yes,87,"https://raw.githubusercontent.com/fateme-hshm96/StudyFiles/main/Contracnt-NLI/Exp1/hit_files/6.pdf",Agreement shall not grant Receiving Party any right to Confidential Information.
No,67,"https://raw.githubusercontent.com/fateme-hshm96/StudyFiles/main/Contracnt-NLI/Exp1/hit_files/87.pdf",Confidential Information shall only include technical information.
Yes,84,"https://raw.githubusercontent.com/fateme-hshm96/StudyFiles/main/Contracnt-NLI/Exp1/hit_files/43.pdf",Receiving Party shall destroy or return some Confidential Information upon the termination of Agreement.
Yes,78,"https://raw.githubusercontent.com/fateme-hshm96/StudyFiles/main/Contracnt-NLI/Exp1/hit_files/21.pdf",Receiving Party may acquire information similar to Confidential Information from a third party.
No,90,"https://raw.githubusercontent.com/fateme-hshm96/StudyFiles/main/Contracnt-NLI/Exp1/hit_files/45.pdf",Confidential Information shall only include technical information.
Cannot say,95,"https://raw.githubusercontent.com/fateme-hshm96/StudyFiles/main/Contracnt-NLI/Exp1/hit_files/75.pdf",Receiving Party may acquire information similar to Confidential Information from a third party.
Yes,55,"https://raw.githubusercontent.com/fateme-hshm96/StudyFiles/main/Contracnt-NLI/Exp1/hit_files/88.pdf","Receiving Party may share some Confidential Information with some third-parties (including consultants, agents and professional advisors)."
No,52,"https://raw.githubusercontent.com/fateme-hshm96/StudyFiles/main/Contracnt-NLI/Exp1/hit_files/52.pdf",Receiving Party may create a copy of some Confidential Information in some circumstances.
Cannot say,91,"https://raw.githubusercontent.com/fateme-hshm96/StudyFiles/main/Contracnt-NLI/Exp1/hit_files/89.pdf",Agreement shall not grant Receiving Party any right to Confidential Information.
Yes,75,"https://raw.githubusercontent.com/fateme-hshm96/StudyFiles/main/Contracnt-NLI/Exp1/hit_files/27.pdf","Receiving Party shall notify Disclosing Party in case Receiving Party is required by law, regulation or judicial process to disclose any Confidential Information."
No,77,"https://raw.githubusercontent.com/fateme-hshm96/StudyFiles/main/Contracnt-NLI/Exp1/hit_files/90.pdf",Confidential Information shall only include technical information.
Yes,86,"https://raw.githubusercontent.com/fateme-hshm96/StudyFiles/main/Contracnt-NLI/Exp1/hit_files/91.pdf","Receiving Party shall notify Disclosing Party in case Receiving Party is required by law, regulation or judicial process to disclose any Confidential Information."
Yes,82,"https://raw.githubusercontent.com/fateme-hshm96/StudyFiles/main/Contracnt-NLI/Exp1/hit_files/92.pdf",Receiving Party may acquire information similar to Confidential Information from a third party.
No,67,"https://raw.githubusercontent.com/fateme-hshm96/StudyFiles/main/Contracnt-NLI/Exp1/hit_files/93.pdf",Confidential Information shall only include technical information.
No,78,"https://raw.githubusercontent.com/fateme-hshm96/StudyFiles/main/Contracnt-NLI/Exp1/hit_files/66.pdf",Confidential Information shall only include technical information.
Yes,85,"https://raw.githubusercontent.com/fateme-hshm96/StudyFiles/main/Contracnt-NLI/Exp1/hit_files/38.pdf",Receiving Party shall not disclose the fact that Agreement was agreed or negotiated.
No,64,"https://raw.githubusercontent.com/fateme-hshm96/StudyFiles/main/Contracnt-NLI/Exp1/hit_files/82.pdf",Confidential Information shall only include technical information.
Cannot say,93,"https://raw.githubusercontent.com/fateme-hshm96/StudyFiles/main/Contracnt-NLI/Exp1/hit_files/70.pdf",Receiving Party may create a copy of some Confidential Information in some circumstances.
Yes,84,"https://raw.githubusercontent.com/fateme-hshm96/StudyFiles/main/Contracnt-NLI/Exp1/hit_files/94.pdf",Agreement shall not grant Receiving Party any right to Confidential Information.
No,67,"https://raw.githubusercontent.com/fateme-hshm96/StudyFiles/main/Contracnt-NLI/Exp1/hit_files/93.pdf",Confidential Information shall only include technical information.
Cannot say,95,"https://raw.githubusercontent.com/fateme-hshm96/StudyFiles/main/Contracnt-NLI/Exp1/hit_files/81.pdf",Receiving Party shall destroy or return some Confidential Information upon the termination of Agreement.
Yes,75,"https://raw.githubusercontent.com/fateme-hshm96/StudyFiles/main/Contracnt-NLI/Exp1/hit_files/24.pdf",Receiving Party shall not use any Confidential Information for any purpose other than the purposes stated in Agreement.
No,65,"https://raw.githubusercontent.com/fateme-hshm96/StudyFiles/main/Contracnt-NLI/Exp1/hit_files/95.pdf",Confidential Information shall only include technical information.
Yes,72,"https://raw.githubusercontent.com/fateme-hshm96/StudyFiles/main/Contracnt-NLI/Exp1/hit_files/14.pdf",Agreement shall not grant Receiving Party any right to Confidential Information.
Yes,48,"https://raw.githubusercontent.com/fateme-hshm96/StudyFiles/main/Contracnt-NLI/Exp1/hit_files/96.pdf",Receiving Party may independently develop information similar to Confidential Information.
No,64,"https://raw.githubusercontent.com/fateme-hshm96/StudyFiles/main/Contracnt-NLI/Exp1/hit_files/83.pdf",Receiving Party may retain some Confidential Information even after the return or destruction of Confidential Information.
Cannot say,97,"https://raw.githubusercontent.com/fateme-hshm96/StudyFiles/main/Contracnt-NLI/Exp1/hit_files/97.pdf",Receiving Party shall not solicit some of Disclosing Party's representatives.
Yes,56,"https://raw.githubusercontent.com/fateme-hshm96/StudyFiles/main/Contracnt-NLI/Exp1/hit_files/98.pdf","Receiving Party may share some Confidential Information with some third-parties (including consultants, agents and professional advisors)."
No,58,"https://raw.githubusercontent.com/fateme-hshm96/StudyFiles/main/Contracnt-NLI/Exp1/hit_files/99.pdf",Confidential Information shall only include technical information.
No,71,"https://raw.githubusercontent.com/fateme-hshm96/StudyFiles/main/Contracnt-NLI/Exp1/hit_files/100.pdf",Receiving Party may retain some Confidential Information even after the return or destruction of Confidential Information.
Yes,76,"https://raw.githubusercontent.com/fateme-hshm96/StudyFiles/main/Contracnt-NLI/Exp1/hit_files/9.pdf",Receiving Party may acquire information similar to Confidential Information from a third party.
No,77,"https://raw.githubusercontent.com/fateme-hshm96/StudyFiles/main/Contracnt-NLI/Exp1/hit_files/88.pdf",All Confidential Information shall be expressly identified by the Disclosing Party.
Cannot say,97,"https://raw.githubusercontent.com/fateme-hshm96/StudyFiles/main/Contracnt-NLI/Exp1/hit_files/101.pdf",Receiving Party shall not solicit some of Disclosing Party's representatives.
Yes,60,"https://raw.githubusercontent.com/fateme-hshm96/StudyFiles/main/Contracnt-NLI/Exp1/hit_files/23.pdf",Confidential Information may include verbally conveyed information.
No,59,"https://raw.githubusercontent.com/fateme-hshm96/StudyFiles/main/Contracnt-NLI/Exp1/hit_files/102.pdf",Confidential Information shall only include technical information.
Cannot say,96,"https://raw.githubusercontent.com/fateme-hshm96/StudyFiles/main/Contracnt-NLI/Exp1/hit_files/103.pdf",Receiving Party shall destroy or return some Confidential Information upon the termination of Agreement.
No,60,"https://raw.githubusercontent.com/fateme-hshm96/StudyFiles/main/Contracnt-NLI/Exp1/hit_files/104.pdf",All Confidential Information shall be expressly identified by the Disclosing Party.
Cannot say,96,"https://raw.githubusercontent.com/fateme-hshm96/StudyFiles/main/Contracnt-NLI/Exp1/hit_files/71.pdf",All Confidential Information shall be expressly identified by the Disclosing Party.
Cannot say,97,"https://raw.githubusercontent.com/fateme-hshm96/StudyFiles/main/Contracnt-NLI/Exp1/hit_files/76.pdf",Receiving Party shall not solicit some of Disclosing Party's representatives.
Yes,70,"https://raw.githubusercontent.com/fateme-hshm96/StudyFiles/main/Contracnt-NLI/Exp1/hit_files/78.pdf",Receiving Party may independently develop information similar to Confidential Information.
Yes,63,"https://raw.githubusercontent.com/fateme-hshm96/StudyFiles/main/Contracnt-NLI/Exp1/hit_files/74.pdf","Receiving Party may share some Confidential Information with some third-parties (including consultants, agents and professional advisors)."
Cannot say,96,"https://raw.githubusercontent.com/fateme-hshm96/StudyFiles/main/Contracnt-NLI/Exp1/hit_files/89.pdf",Receiving Party may independently develop information similar to Confidential Information.
Yes,83,"https://raw.githubusercontent.com/fateme-hshm96/StudyFiles/main/Contracnt-NLI/Exp1/hit_files/90.pdf",Receiving Party shall not use any Confidential Information for any purpose other than the purposes stated in Agreement.
No,81,"https://raw.githubusercontent.com/fateme-hshm96/StudyFiles/main/Contracnt-NLI/Exp1/hit_files/69.pdf",Confidential Information shall only include technical information.
Cannot say,94,"https://raw.githubusercontent.com/fateme-hshm96/StudyFiles/main/Contracnt-NLI/Exp1/hit_files/105.pdf",Receiving Party may share some Confidential Information with some of Receiving Party's employees.
Yes,71,"https://raw.githubusercontent.com/fateme-hshm96/StudyFiles/main/Contracnt-NLI/Exp1/hit_files/106.pdf",Receiving Party shall not disclose the fact that Agreement was agreed or negotiated.
No,66,"https://raw.githubusercontent.com/fateme-hshm96/StudyFiles/main/Contracnt-NLI/Exp1/hit_files/95.pdf",Receiving Party may create a copy of some Confidential Information in some circumstances.
Cannot say,95,"https://raw.githubusercontent.com/fateme-hshm96/StudyFiles/main/Contracnt-NLI/Exp1/hit_files/107.pdf",Receiving Party shall not disclose the fact that Agreement was agreed or negotiated.
Yes,60,"https://raw.githubusercontent.com/fateme-hshm96/StudyFiles/main/Contracnt-NLI/Exp1/hit_files/108.pdf",Confidential Information may include verbally conveyed information.
No,68,"https://raw.githubusercontent.com/fateme-hshm96/StudyFiles/main/Contracnt-NLI/Exp1/hit_files/64.pdf",Receiving Party may create a copy of some Confidential Information in some circumstances.
Cannot say,96,"https://raw.githubusercontent.com/fateme-hshm96/StudyFiles/main/Contracnt-NLI/Exp1/hit_files/107.pdf",Receiving Party shall not reverse engineer any objects which embody Disclosing Party's Confidential Information.
Yes,56,"https://raw.githubusercontent.com/fateme-hshm96/StudyFiles/main/Contracnt-NLI/Exp1/hit_files/92.pdf","Receiving Party may share some Confidential Information with some third-parties (including consultants, agents and professional advisors)."
No,65,"https://raw.githubusercontent.com/fateme-hshm96/StudyFiles/main/Contracnt-NLI/Exp1/hit_files/40.pdf",Confidential Information shall only include technical information.
Cannot say,95,"https://raw.githubusercontent.com/fateme-hshm96/StudyFiles/main/Contracnt-NLI/Exp1/hit_files/85.pdf",Receiving Party shall not reverse engineer any objects which embody Disclosing Party's Confidential Information.
Yes,58,"https://raw.githubusercontent.com/fateme-hshm96/StudyFiles/main/Contracnt-NLI/Exp1/hit_files/33.pdf","Receiving Party shall notify Disclosing Party in case Receiving Party is required by law, regulation or judicial process to disclose any Confidential Information."
No,54,"https://raw.githubusercontent.com/fateme-hshm96/StudyFiles/main/Contracnt-NLI/Exp1/hit_files/103.pdf",Receiving Party may retain some Confidential Information even after the return or destruction of Confidential Information.
Cannot say,94,"https://raw.githubusercontent.com/fateme-hshm96/StudyFiles/main/Contracnt-NLI/Exp1/hit_files/58.pdf",Receiving Party may acquire information similar to Confidential Information from a third party.
Yes,65,"https://raw.githubusercontent.com/fateme-hshm96/StudyFiles/main/Contracnt-NLI/Exp1/hit_files/99.pdf",Some obligations of Agreement may survive termination of Agreement.
No,68,"https://raw.githubusercontent.com/fateme-hshm96/StudyFiles/main/Contracnt-NLI/Exp1/hit_files/20.pdf",Confidential Information shall only include technical information.
Yes,84,"https://raw.githubusercontent.com/fateme-hshm96/StudyFiles/main/Contracnt-NLI/Exp1/hit_files/57.pdf",Some obligations of Agreement may survive termination of Agreement.
Yes,77,"https://raw.githubusercontent.com/fateme-hshm96/StudyFiles/main/Contracnt-NLI/Exp1/hit_files/97.pdf",Receiving Party shall destroy or return some Confidential Information upon the termination of Agreement.
No,82,"https://raw.githubusercontent.com/fateme-hshm96/StudyFiles/main/Contracnt-NLI/Exp1/hit_files/47.pdf","Receiving Party may share some Confidential Information with some third-parties (including consultants, agents and professional advisors)."
Cannot say,91,"https://raw.githubusercontent.com/fateme-hshm96/StudyFiles/main/Contracnt-NLI/Exp1/hit_files/105.pdf",Some obligations of Agreement may survive termination of Agreement.
Yes,79,"https://raw.githubusercontent.com/fateme-hshm96/StudyFiles/main/Contracnt-NLI/Exp1/hit_files/87.pdf",Receiving Party may acquire information similar to Confidential Information from a third party.
No,61,"https://raw.githubusercontent.com/fateme-hshm96/StudyFiles/main/Contracnt-NLI/Exp1/hit_files/86.pdf",All Confidential Information shall be expressly identified by the Disclosing Party.
Cannot say,95,"https://raw.githubusercontent.com/fateme-hshm96/StudyFiles/main/Contracnt-NLI/Exp1/hit_files/94.pdf",Receiving Party may independently develop information similar to Confidential Information.
Yes,57,"https://raw.githubusercontent.com/fateme-hshm96/StudyFiles/main/Contracnt-NLI/Exp1/hit_files/102.pdf",Receiving Party shall not disclose the fact that Agreement was agreed or negotiated.
Yes,61,"https://raw.githubusercontent.com/fateme-hshm96/StudyFiles/main/Contracnt-NLI/Exp1/hit_files/96.pdf",All Confidential Information shall be expressly identified by the Disclosing Party.
No,63,"https://raw.githubusercontent.com/fateme-hshm96/StudyFiles/main/Contracnt-NLI/Exp1/hit_files/26.pdf",Receiving Party may retain some Confidential Information even after the return or destruction of Confidential Information.
Yes,50,"https://raw.githubusercontent.com/fateme-hshm96/StudyFiles/main/Contracnt-NLI/Exp1/hit_files/39.pdf",Receiving Party may acquire information similar to Confidential Information from a third party.
No,73,"https://raw.githubusercontent.com/fateme-hshm96/StudyFiles/main/Contracnt-NLI/Exp1/hit_files/109.pdf",Confidential Information shall only include technical information.
Cannot say,95,"https://raw.githubusercontent.com/fateme-hshm96/StudyFiles/main/Contracnt-NLI/Exp1/hit_files/77.pdf",Receiving Party may independently develop information similar to Confidential Information.
Yes,73,"https://raw.githubusercontent.com/fateme-hshm96/StudyFiles/main/Contracnt-NLI/Exp1/hit_files/104.pdf",Receiving Party shall destroy or return some Confidential Information upon the termination of Agreement.
No,57,"https://raw.githubusercontent.com/fateme-hshm96/StudyFiles/main/Contracnt-NLI/Exp1/hit_files/72.pdf",All Confidential Information shall be expressly identified by the Disclosing Party.
Cannot say,93,"https://raw.githubusercontent.com/fateme-hshm96/StudyFiles/main/Contracnt-NLI/Exp1/hit_files/80.pdf",Receiving Party may independently develop information similar to Confidential Information.
Yes,61,"https://raw.githubusercontent.com/fateme-hshm96/StudyFiles/main/Contracnt-NLI/Exp1/hit_files/106.pdf",Confidential Information may include verbally conveyed information.
No,76,"https://raw.githubusercontent.com/fateme-hshm96/StudyFiles/main/Contracnt-NLI/Exp1/hit_files/32.pdf",Confidential Information shall only include technical information.
No,82,"https://raw.githubusercontent.com/fateme-hshm96/StudyFiles/main/Contracnt-NLI/Exp1/hit_files/110.pdf",All Confidential Information shall be expressly identified by the Disclosing Party.
